fn,anon_exec,authed_exec,svc_exec,is_trigger,mutates,gated_heur,bucket
_orch1255_place_has_verified_venue,1,1,1,0,0,0,C_RO_UNGATED
accept_friend_request_atomic,1,1,1,0,1,1,B_MUT_GATED
accept_invite_and_transfer_brand_ownership,1,1,1,0,1,0,A_MUT_UNGATED
accept_pair_request_atomic,1,1,1,0,1,1,B_MUT_GATED
accept_scanner_invitation,1,1,1,0,1,0,A_MUT_UNGATED
accept_session_with_prefs,1,1,1,0,1,1,B_MUT_GATED
activate_invited_admin,1,1,1,0,1,1,B_MUT_GATED
add_buyer_to_event_chat,1,1,1,0,1,0,A_MUT_UNGATED
add_friend_to_session,1,1,1,0,1,1,B_MUT_GATED
admin_add_venue_claim_feedback,0,1,1,0,1,1,NOT_ANON
admin_analytics_engagement,1,1,1,0,0,1,D_RO_GATED
admin_analytics_funnel,1,1,1,0,0,1,D_RO_GATED
admin_analytics_geo,1,1,1,0,0,1,D_RO_GATED
admin_analytics_growth,1,1,1,0,0,1,D_RO_GATED
admin_analytics_retention,1,1,1,0,0,1,D_RO_GATED
admin_annotate_dispute,0,1,1,0,1,1,NOT_ANON
admin_apply_score_override,0,1,1,0,1,1,NOT_ANON
admin_audit_probe,0,1,1,0,0,1,NOT_ANON
admin_beta_leads_list,0,1,1,0,0,0,NOT_ANON
admin_bulk_deactivate_places,1,1,1,0,1,1,B_MUT_GATED
admin_cancel_offering,0,1,1,0,1,1,NOT_ANON
admin_card_generation_active,1,1,1,0,0,1,D_RO_GATED
admin_card_generation_status,1,1,1,0,0,1,D_RO_GATED
admin_careers_list_postings,0,1,1,0,0,1,NOT_ANON
admin_careers_set_posting_status,0,1,1,0,1,1,NOT_ANON
admin_careers_upsert_posting,0,1,1,0,1,1,NOT_ANON
admin_city_picker_data,1,1,1,0,0,1,D_RO_GATED
admin_city_pipeline_status,1,1,1,0,0,0,C_RO_UNGATED
admin_city_place_stats,1,1,1,0,0,0,C_RO_UNGATED
admin_clear_brand_take_rate_override,1,1,1,0,1,1,B_MUT_GATED
admin_clear_demo_data,1,1,1,0,1,1,B_MUT_GATED
admin_clear_expired_caches,1,1,1,0,1,1,B_MUT_GATED
admin_deactivate_place,1,1,1,0,1,1,B_MUT_GATED
admin_delete_experience_stop,0,1,1,0,1,1,NOT_ANON
admin_edit_place,1,1,1,0,1,1,B_MUT_GATED
admin_explorer_app_leads_list,0,1,1,0,0,0,NOT_ANON
admin_get_api_health,1,1,1,0,0,1,D_RO_GATED
admin_get_api_health_incidents,1,1,1,0,0,1,D_RO_GATED
admin_get_brand_stripe_status,0,1,1,0,0,1,NOT_ANON
admin_get_claim_review_bundle,0,1,1,0,0,1,NOT_ANON
admin_get_dispute,0,1,1,0,0,1,NOT_ANON
admin_get_feature_flags,1,1,1,0,0,1,D_RO_GATED
admin_get_offering,0,1,1,0,0,1,NOT_ANON
admin_get_order,0,1,1,0,0,1,NOT_ANON
admin_get_override_history,1,1,1,0,0,1,D_RO_GATED
admin_get_person,0,1,1,0,0,1,NOT_ANON
admin_get_pricing_config,1,1,1,0,0,1,D_RO_GATED
admin_get_signal_serving_pct,1,1,1,0,0,1,D_RO_GATED
admin_get_subscription_detail,0,1,1,0,0,1,NOT_ANON
admin_grant_override,1,1,1,0,1,1,B_MUT_GATED
admin_grant_override_audited,0,1,1,0,0,1,NOT_ANON
admin_job_applications_list,0,1,1,0,0,1,NOT_ANON
admin_launch_city_list,0,1,1,0,0,0,NOT_ANON
admin_list_brand_stripe_status,0,1,1,0,0,1,NOT_ANON
admin_list_disputes,0,1,1,0,0,1,NOT_ANON
admin_list_event_orders,0,1,1,0,0,1,NOT_ANON
admin_list_event_rsvps,0,1,1,0,0,1,NOT_ANON
admin_list_offerings,0,1,1,0,0,1,NOT_ANON
admin_list_orders,0,1,1,0,0,1,NOT_ANON
admin_list_payouts,0,1,1,0,0,1,NOT_ANON
admin_list_refunds,0,1,1,0,0,1,NOT_ANON
admin_list_revenue_log,0,1,1,0,0,1,NOT_ANON
admin_list_stale_places,1,1,1,0,0,1,D_RO_GATED
admin_list_subscriptions,1,1,1,0,0,1,D_RO_GATED
admin_list_venue_reservations,0,1,1,0,0,1,NOT_ANON
admin_offering_stats,0,1,1,0,0,1,NOT_ANON
admin_pin_place_to_top,0,1,1,0,1,1,NOT_ANON
admin_place_category_breakdown,1,1,1,0,0,1,D_RO_GATED
admin_place_city_overview,1,1,1,0,0,1,D_RO_GATED
admin_place_country_overview,1,1,1,0,0,1,D_RO_GATED
admin_place_deck_rank,0,1,1,0,0,1,NOT_ANON
admin_place_photo_stats,1,1,1,0,0,1,D_RO_GATED
admin_place_pool_city_list,1,1,1,0,0,1,D_RO_GATED
admin_place_pool_country_list,1,1,1,0,0,1,D_RO_GATED
admin_place_pool_overview,1,1,1,0,0,1,D_RO_GATED
admin_pool_category_health,1,1,1,0,0,1,D_RO_GATED
admin_reactivate_place,1,1,1,0,1,1,B_MUT_GATED
admin_reassign_brand_owner,0,1,1,0,1,1,NOT_ANON
admin_refresh_place_pool_mv,1,1,1,0,0,1,D_RO_GATED
admin_refund_order,0,0,1,0,1,1,NOT_ANON
admin_refund_order_commit,0,0,1,0,1,1,NOT_ANON
admin_remove_rsvp_guest,0,1,1,0,1,1,NOT_ANON
admin_remove_team_member,0,1,1,0,1,1,NOT_ANON
admin_reorder_experience_stop,0,1,1,0,1,1,NOT_ANON
admin_reorder_trip_day,0,1,1,0,1,1,NOT_ANON
admin_reset_inactive_sessions,1,1,1,0,1,1,B_MUT_GATED
admin_restore_listing,1,1,1,0,1,1,B_MUT_GATED
admin_revoke_brand_invitation,0,1,1,0,1,1,NOT_ANON
admin_revoke_override,1,1,1,0,1,1,B_MUT_GATED
admin_revoke_override_audited,0,1,1,0,0,1,NOT_ANON
admin_rule_detail,1,1,1,0,0,1,D_RO_GATED
admin_rule_set_diff,1,1,1,0,0,1,D_RO_GATED
admin_rule_set_versions,1,1,1,0,0,1,D_RO_GATED
admin_rules_export,1,1,1,0,0,1,D_RO_GATED
admin_rules_list,1,1,1,0,0,1,D_RO_GATED
admin_rules_overview,1,1,1,0,0,1,D_RO_GATED
admin_rules_preview_impact,1,1,1,0,0,1,D_RO_GATED
admin_rules_rollback,1,1,1,0,1,1,B_MUT_GATED
admin_rules_run_affected_places,1,1,1,0,0,1,D_RO_GATED
admin_rules_run_detail,1,1,1,0,0,1,D_RO_GATED
admin_rules_run_diff,1,1,1,0,0,1,D_RO_GATED
admin_rules_runs,1,1,1,0,0,1,D_RO_GATED
admin_rules_save,1,1,1,0,1,1,B_MUT_GATED
admin_score_place_preview,0,1,1,0,1,1,NOT_ANON
admin_seed_demo_profiles,1,1,1,0,1,1,B_MUT_GATED
admin_set_account_deleted,0,1,1,0,1,1,NOT_ANON
admin_set_brand_claim_status,0,1,1,0,1,1,NOT_ANON
admin_set_brand_deleted,0,1,1,0,1,1,NOT_ANON
admin_set_brand_take_rate_override,1,1,1,0,1,1,B_MUT_GATED
admin_set_job_application_status,0,1,1,0,1,1,NOT_ANON
admin_set_offering_bookings_closed,0,1,1,0,1,1,NOT_ANON
admin_set_offering_deleted,0,1,1,0,1,1,NOT_ANON
admin_set_offering_visibility,0,1,1,0,1,1,NOT_ANON
admin_set_place_signal_score,0,1,1,0,1,1,NOT_ANON
admin_set_platform_take_rate,1,1,1,0,1,1,B_MUT_GATED
admin_set_reservation_status,0,1,1,0,1,1,NOT_ANON
admin_set_rsvp_approval,0,1,1,0,1,1,NOT_ANON
admin_set_rsvp_capacity,0,1,1,0,1,1,NOT_ANON
admin_set_signal_serving_pct,1,1,1,0,1,1,B_MUT_GATED
admin_set_team_member_role,0,1,1,0,1,1,NOT_ANON
admin_set_ticket_price,0,1,1,0,1,1,NOT_ANON
admin_set_user_active,0,1,1,0,1,1,NOT_ANON
admin_set_user_beta,0,1,1,0,1,1,NOT_ANON
admin_soft_delete_listing,1,1,1,0,1,1,B_MUT_GATED
admin_subscription_stats,1,1,1,0,0,1,D_RO_GATED
admin_suspend_listing,1,1,1,0,1,1,B_MUT_GATED
admin_toggle_partner,1,1,1,0,1,1,B_MUT_GATED
admin_trigger_place_refresh,1,1,1,0,1,1,B_MUT_GATED
admin_tweak_venue_claim_fields,0,1,1,0,1,1,NOT_ANON
admin_uncategorized_places,1,1,1,0,0,1,D_RO_GATED
admin_update_account,0,1,1,0,1,1,NOT_ANON
admin_update_brand,0,1,1,0,1,1,NOT_ANON
admin_update_experience_stop,0,1,1,0,1,1,NOT_ANON
admin_update_trip_day,0,1,1,0,1,1,NOT_ANON
admin_update_venue_capacity_rule,0,1,1,0,1,1,NOT_ANON
admin_update_venue_reservation_settings,0,1,1,0,1,1,NOT_ANON
admin_virtual_tile_intelligence,1,1,1,0,0,1,D_RO_GATED
admin_write_audit,0,0,1,0,1,1,NOT_ANON
anonymize_user_audit_log,1,1,1,0,1,0,A_MUT_UNGATED
are_friends_or_fof,1,1,1,0,0,0,C_RO_UNGATED
auto_create_presence,1,1,1,1,1,0,TRIGGER
backfill_going_rsvp_qr_codes,0,1,1,0,0,1,NOT_ANON
biz_brand_effective_rank,1,1,1,0,0,0,C_RO_UNGATED
biz_brand_effective_rank_for_caller,1,1,1,0,0,1,D_RO_GATED
biz_can_manage_orders_for_event,1,1,1,0,0,0,C_RO_UNGATED
biz_can_manage_orders_for_event_for_caller,1,1,1,0,0,1,D_RO_GATED
biz_can_manage_payments_for_brand,1,1,1,0,0,1,D_RO_GATED
biz_can_manage_payments_for_brand_for_caller,1,1,1,0,0,1,D_RO_GATED
biz_can_read_order,1,1,1,0,0,1,D_RO_GATED
biz_can_read_order_for_caller,1,1,1,0,0,1,D_RO_GATED
biz_cancel_order,1,1,1,0,1,1,B_MUT_GATED
biz_cancel_trip_booking_begin,0,0,1,0,1,0,NOT_ANON
biz_cancel_trip_booking_commit,0,0,1,0,1,0,NOT_ANON
biz_cancel_trip_booking_rollback,0,0,1,0,1,0,NOT_ANON
biz_compute_refund_for_cancel,0,0,1,0,0,0,NOT_ANON
biz_create_brand_owner_team_member,1,1,1,1,1,0,TRIGGER
biz_create_experience,1,1,1,0,1,1,B_MUT_GATED
biz_create_venue_brand_authoring,1,1,1,0,0,0,C_RO_UNGATED
biz_create_venue_listing,0,1,1,0,1,1,NOT_ANON
biz_derive_service_periods_from_brand_hours,0,1,1,0,1,0,NOT_ANON
biz_event_auto_provision_scanners,1,1,1,1,1,0,TRIGGER
biz_event_brand_id,1,1,1,0,0,0,C_RO_UNGATED
biz_experience_sold_count,1,1,1,0,0,0,C_RO_UNGATED
biz_get_place_adoption_detail,0,0,1,0,0,0,NOT_ANON
biz_is_brand_admin_plus,1,1,1,0,0,0,C_RO_UNGATED
biz_is_brand_admin_plus_for_caller,1,1,1,0,0,1,D_RO_GATED
biz_is_brand_member_for_read,1,1,1,0,0,0,C_RO_UNGATED
biz_is_brand_member_for_read_for_caller,1,1,1,0,0,1,D_RO_GATED
biz_is_event_manager_plus,1,1,1,0,0,0,C_RO_UNGATED
biz_is_event_manager_plus_for_caller,1,1,1,0,0,1,D_RO_GATED
biz_manual_charge_installment,1,1,1,0,1,1,B_MUT_GATED
biz_mark_feedback_item_fixed,0,1,1,0,1,1,NOT_ANON
biz_order_brand_id,1,1,1,0,0,0,C_RO_UNGATED
biz_place_pool_name_contains,1,1,1,0,0,0,C_RO_UNGATED
biz_publish_experience,1,1,1,0,1,1,B_MUT_GATED
biz_refund_order,1,1,1,0,1,1,B_MUT_GATED
biz_refund_order_commit,1,1,1,0,1,1,B_MUT_GATED
biz_refund_order_commit_from_webhook,1,1,1,0,1,0,A_MUT_UNGATED
biz_reservation_create,0,1,1,0,1,1,NOT_ANON
biz_reservation_transition,0,1,1,0,1,1,NOT_ANON
biz_resolve_verified_user,1,1,1,0,0,0,C_RO_UNGATED
biz_resubmit_venue_claim,0,1,1,0,1,1,NOT_ANON
biz_retry_installment,1,1,1,0,1,1,B_MUT_GATED
biz_review_venue_claim,0,1,1,0,1,1,NOT_ANON
biz_rsvp_mint_qr,0,1,1,0,0,0,NOT_ANON
biz_search_place_pool_for_claim,0,0,1,0,0,0,NOT_ANON
biz_send_installment_reminder,1,1,1,0,1,1,B_MUT_GATED
biz_set_event_guest_privacy,0,1,1,0,1,1,NOT_ANON
biz_sms_record_global_opt_out,0,0,1,0,1,0,NOT_ANON
biz_ticket_checkout_create_session,1,1,1,0,1,0,A_MUT_UNGATED
biz_ticket_checkout_finalize,1,1,1,0,1,1,B_MUT_GATED
biz_ticket_scan,1,1,1,0,1,1,B_MUT_GATED
biz_tickets_enforce_update,1,1,1,1,0,1,TRIGGER
biz_trip_has_web_purchases,1,1,1,0,0,0,C_RO_UNGATED
biz_trip_sold_count_by_tier,1,1,1,0,0,0,C_RO_UNGATED
biz_trip_tickets_sold,1,1,1,0,0,1,D_RO_GATED
biz_trip_tickets_sold_by_tier,1,1,1,0,0,0,C_RO_UNGATED
biz_update_live_experience,1,1,1,0,1,1,B_MUT_GATED
biz_update_live_rsvp,1,1,1,0,1,1,B_MUT_GATED
biz_update_live_trip,1,1,1,0,1,1,B_MUT_GATED
biz_upsert_brand_hours,0,1,1,0,1,1,NOT_ANON
biz_venue_table_soft_delete,0,1,1,0,1,1,NOT_ANON
biz_waitlist_convert_to_reservation,0,1,1,0,1,1,NOT_ANON
biz_waitlist_mark_notified,0,1,1,0,1,1,NOT_ANON
bump_paystack_partner_split_attempt,1,1,1,0,1,0,A_MUT_UNGATED
business_cancel_event,0,1,1,0,1,1,NOT_ANON
business_discard_event_draft,0,1,1,0,1,1,NOT_ANON
business_discard_offering_drafts,0,1,1,0,1,1,NOT_ANON
business_end_event_ticket_sales,0,1,1,0,1,1,NOT_ANON
business_patch_event_taxonomy,1,1,1,0,1,1,B_MUT_GATED
business_patch_event_when,1,1,1,0,1,1,B_MUT_GATED
business_publish_event_draft,0,1,1,0,1,1,NOT_ANON
business_publish_rsvp_draft,1,1,1,0,1,1,B_MUT_GATED
business_publish_trip_draft,1,1,1,0,1,1,B_MUT_GATED
business_set_brand_pricing_defaults,1,1,1,0,1,1,B_MUT_GATED
business_set_pricing_switches,1,1,1,0,1,1,B_MUT_GATED
can_insert_message_into_conversation,1,1,1,0,0,0,C_RO_UNGATED
can_send,0,1,1,0,0,0,NOT_ANON
cascade_friend_decline_to_collabs,1,1,1,1,1,0,TRIGGER
cascade_friend_request_decline_to_links,1,1,1,1,1,0,TRIGGER
check_card_lock_in,1,1,1,1,1,0,TRIGGER
check_city_bbox_overlap,1,1,1,0,0,0,C_RO_UNGATED
check_invited_admin,1,1,1,0,0,0,C_RO_UNGATED
check_mutual_like,1,1,1,1,1,0,TRIGGER
check_pairing_allowed,1,1,1,0,0,0,C_RO_UNGATED
check_session_creation_allowed,1,1,1,0,0,0,C_RO_UNGATED
check_username_availability,1,1,1,0,0,0,C_RO_UNGATED
claim_notification_outbox,0,0,1,0,0,0,NOT_ANON
claim_support_ticket,0,0,1,0,1,0,NOT_ANON
cleanup_expired_undo_actions,1,1,1,0,1,0,A_MUT_UNGATED
cleanup_session_if_under_two_participants,1,1,1,1,1,0,TRIGGER
cleanup_stale_push_tokens,1,1,1,0,1,0,A_MUT_UNGATED
compute_taste_match,1,1,1,0,0,0,C_RO_UNGATED
convert_pending_invites_on_phone_verified,1,1,1,1,1,0,TRIGGER
convert_pending_pair_invites_on_phone_verified,1,1,1,1,1,0,TRIGGER
create_calendar_entries_on_lock,1,1,1,1,1,0,TRIGGER
create_default_notification_preferences,1,1,1,1,1,0,TRIGGER
create_preference_history,1,1,1,1,1,0,TRIGGER
create_subscription_on_onboarding_complete,1,1,1,1,0,0,TRIGGER
create_subscription_on_signup,1,1,1,1,1,0,TRIGGER
create_support_ticket,1,1,1,0,1,1,B_MUT_GATED
credit_referral_on_friend_accepted,1,1,1,1,1,0,TRIGGER
cron_refresh_admin_place_pool_mv,1,1,1,0,0,0,C_RO_UNGATED
delete_notifications_on_entity_resolved,1,1,1,1,1,0,TRIGGER
derive_user_segment,1,1,1,0,0,0,C_RO_UNGATED
enforce_session_creation_limit,1,1,1,1,0,0,TRIGGER
enqueue_rsvp_pass,0,1,1,0,1,1,NOT_ANON
ensure_group_conversation_on_event_create,1,1,1,1,1,0,TRIGGER
ensure_group_conversation_on_session_create,1,1,1,1,1,0,TRIGGER
execute_undo_action,1,1,1,0,1,0,A_MUT_UNGATED
expire_agent_pending_actions,1,1,1,0,1,0,A_MUT_UNGATED
fan_review_to_engagement,1,1,1,1,1,0,TRIGGER
fan_visit_to_engagement,1,1,1,1,1,0,TRIGGER
fetch_local_signal_ranked,1,1,1,0,0,0,C_RO_UNGATED
fetch_user_going_rsvps,1,1,1,0,0,0,C_RO_UNGATED
finalize_rsvp_contribution,1,1,1,0,1,0,A_MUT_UNGATED
fn_rsvp_drain_on_capacity_freed,1,1,1,1,1,0,TRIGGER
fn_waitlist_drain_on_capacity_freed,1,1,1,1,1,0,TRIGGER
generate_referral_code,1,1,1,1,0,0,TRIGGER
get_admin_emails,1,1,1,0,0,0,C_RO_UNGATED
get_effective_tier,1,1,1,0,0,0,C_RO_UNGATED
get_muted_user_ids,1,1,1,0,0,0,C_RO_UNGATED
get_or_create_direct_conversation,1,1,1,0,1,0,A_MUT_UNGATED
get_paired_friend_last_location,0,0,1,0,0,0,NOT_ANON
get_place_count_per_city,1,1,1,0,0,0,C_RO_UNGATED
get_seed_stats_per_city,1,1,1,0,0,0,C_RO_UNGATED
get_session_member_limit,1,1,1,0,0,0,C_RO_UNGATED
get_undo_actions,1,1,1,0,0,0,C_RO_UNGATED
get_user_circle,1,1,1,0,0,1,D_RO_GATED
guard_brand_take_rate_override,1,1,1,1,0,0,TRIGGER
handle_board_vote,1,1,1,1,1,0,TRIGGER
handle_collab_session_end,1,1,1,1,0,0,TRIGGER
handle_new_user,1,1,1,1,1,0,TRIGGER
handle_user_blocked,1,1,1,1,1,0,TRIGGER
has_block_between,1,1,1,0,0,0,C_RO_UNGATED
has_recent_report,1,1,1,0,0,0,C_RO_UNGATED
has_session_invite,1,1,1,0,0,0,C_RO_UNGATED
host_bulk_approve_rsvps,1,1,1,0,1,1,B_MUT_GATED
host_list_rsvp_guests,1,1,1,0,0,1,D_RO_GATED
host_set_rsvp_status,1,1,1,0,1,1,B_MUT_GATED
increment_place_engagement,1,1,1,0,1,1,B_MUT_GATED
is_admin_email,1,1,1,0,0,0,C_RO_UNGATED
is_admin_user,1,1,1,0,0,1,D_RO_GATED
is_blocked_by,1,1,1,0,0,0,C_RO_UNGATED
is_board_collaborator,1,1,1,0,0,0,C_RO_UNGATED
is_board_collaborator_as_owner,1,1,1,0,0,0,C_RO_UNGATED
is_conversation_brand_team_member,1,1,1,0,0,0,C_RO_UNGATED
is_conversation_participant,1,1,1,0,0,0,C_RO_UNGATED
is_direct_conversation,1,1,1,0,0,0,C_RO_UNGATED
is_message_conversation_participant,1,1,1,0,0,0,C_RO_UNGATED
is_muted_by,1,1,1,0,0,0,C_RO_UNGATED
is_session_creator,1,1,1,0,0,0,C_RO_UNGATED
is_session_participant,1,1,1,0,0,0,C_RO_UNGATED
is_support_staff,1,1,1,0,0,0,C_RO_UNGATED
is_username_available,1,1,1,0,0,0,C_RO_UNGATED
mark_partner_split_failed,1,1,1,0,1,0,A_MUT_UNGATED
mark_partner_split_reversed,1,1,1,0,1,0,A_MUT_UNGATED
mark_partner_split_transferred,1,1,1,0,1,0,A_MUT_UNGATED
mark_paystack_partner_split_attempted,1,1,1,0,1,0,A_MUT_UNGATED
mark_presence_offline,1,1,1,1,1,0,TRIGGER
meta_orch_1074_notify_new_review,1,1,1,1,0,0,TRIGGER
notify_session_updated_via_broadcast,1,1,1,1,0,0,TRIGGER
orch_1161_reservation_notify_outbox,0,1,1,1,1,0,NOT_ANON
partner_brand_links_mark_first_split,1,1,1,1,1,0,TRIGGER
partner_brand_links_mark_first_split_insert,1,1,1,1,1,0,TRIGGER
partner_brand_links_mark_paystack_connected,1,1,1,1,1,0,TRIGGER
partner_brand_links_mark_stripe_connected,1,1,1,1,1,0,TRIGGER
partner_brand_links_stamp_on_invite_kill,1,1,1,1,1,0,TRIGGER
partner_can_accept_brand,1,1,1,0,0,0,C_RO_UNGATED
partner_cancel_pending_link,0,1,1,0,1,1,NOT_ANON
partner_disconnect_link,0,1,1,0,1,1,NOT_ANON
partner_reissue_brand_invitation,0,0,1,0,1,0,NOT_ANON
peer_list_event_guests,0,1,1,0,0,1,NOT_ANON
pg_aggregate_collab_prefs,1,1,1,0,0,0,C_RO_UNGATED
pg_brand_can_charge,1,1,1,0,0,0,C_RO_UNGATED
pg_brand_can_collect,1,1,1,0,0,0,C_RO_UNGATED
pg_brand_experiences_for_place,1,1,1,0,0,0,C_RO_UNGATED
pg_brand_offering_counts,0,1,1,0,0,0,NOT_ANON
pg_brands_can_charge,1,1,1,0,0,0,C_RO_UNGATED
pg_cancel_guest_reservation,0,0,1,0,1,0,NOT_ANON
pg_cancel_my_reservation,0,1,1,0,1,1,NOT_ANON
pg_create_guest_reservation,0,0,1,0,1,0,NOT_ANON
pg_derive_brand_stripe_status,0,1,1,0,0,0,NOT_ANON
pg_discover_business_events,1,1,1,0,0,0,C_RO_UNGATED
pg_eligible_experiences_for_deck,1,1,1,0,0,0,C_RO_UNGATED
pg_expand_experience_recurrence,1,1,1,0,1,0,A_MUT_UNGATED
pg_finalize_guest_reservation,0,0,1,0,1,0,NOT_ANON
pg_intelligence_coverage,0,0,1,0,0,0,NOT_ANON
pg_meta_orch_1009_sub_d_select_stale_pairs,0,0,1,0,0,0,NOT_ANON
pg_notify_reminders_enqueue,0,1,1,0,1,0,NOT_ANON
pg_public_brand_upcoming,1,1,1,0,0,0,C_RO_UNGATED
pg_public_event_by_slug,1,1,1,0,0,0,C_RO_UNGATED
pg_public_event_tier_allin,1,1,1,0,0,0,C_RO_UNGATED
pg_public_experience_by_slug,1,1,1,0,0,0,C_RO_UNGATED
pg_public_experiences_by_brand,1,1,1,0,0,0,C_RO_UNGATED
pg_public_rsvp_by_slug,1,1,1,0,0,0,C_RO_UNGATED
pg_public_social_proof,1,1,1,0,0,1,D_RO_GATED
pg_public_ticket_types_remaining,1,1,1,0,0,0,C_RO_UNGATED
pg_public_trip_by_slug,1,1,1,0,0,0,C_RO_UNGATED
pg_public_trips_by_brand,1,1,1,0,0,0,C_RO_UNGATED
pg_published_trips_public,1,1,1,0,0,0,C_RO_UNGATED
pg_recurrence_is_terminated,1,1,1,0,0,0,C_RO_UNGATED
pg_release_discover_cache_build_lock,1,1,1,0,1,0,A_MUT_UNGATED
pg_topup_recurring_experiences,1,1,1,0,1,0,A_MUT_UNGATED
pg_try_discover_cache_build_lock,1,1,1,0,1,0,A_MUT_UNGATED
pg_venue_available_slots,1,1,1,0,0,0,C_RO_UNGATED
pg_venue_reservable_for_place,1,1,1,0,0,0,C_RO_UNGATED
phone_has_used_trial,1,1,1,0,0,0,C_RO_UNGATED
query_person_hero_places_by_signal,0,1,1,0,0,0,NOT_ANON
query_servable_places_by_signal,1,1,1,0,0,0,C_RO_UNGATED
query_servable_places_by_signal_intersection,1,1,1,0,0,0,C_RO_UNGATED
recalculate_user_level,1,1,1,0,1,0,A_MUT_UNGATED
recompute_deck_version_after_prefs_change,1,1,1,1,1,0,TRIGGER
record_engagement,0,1,1,0,1,1,NOT_ANON
record_partner_split_attempt,1,1,1,0,1,0,A_MUT_UNGATED
record_paystack_partner_split_attempt,1,1,1,0,1,0,A_MUT_UNGATED
record_trial_phone,1,1,1,0,1,0,A_MUT_UNGATED
release_advisory_lock_rules_run,1,1,1,0,0,0,C_RO_UNGATED
remove_friend_atomic,1,1,1,0,1,1,B_MUT_GATED
remove_participant_prefs,1,1,1,0,1,0,A_MUT_UNGATED
remove_session_member_from_conversation,1,1,1,1,1,0,TRIGGER
resolve_brand_pricing_inputs,0,0,1,0,0,0,NOT_ANON
resolve_effective_take_rate_bps,1,1,1,0,0,0,C_RO_UNGATED
resolve_event_pricing_inputs,1,1,1,0,0,0,C_RO_UNGATED
resolve_partner_for_brand_at_time,1,1,1,0,0,0,C_RO_UNGATED
resolve_user_visibility_by_identifier,1,1,1,0,0,1,D_RO_GATED
reveal_pair_requests_on_friend_accept,1,1,1,1,1,0,TRIGGER
rpc_admin_lock_and_schedule_card,1,1,1,0,1,1,B_MUT_GATED
rpc_force_deck_recycle,1,1,1,0,1,1,B_MUT_GATED
rpc_post_collab_dead_end_banner,1,1,1,0,1,1,B_MUT_GATED
rpc_record_swipe_and_check_match,1,1,1,0,1,1,B_MUT_GATED
set_marketing_suppression,0,1,1,0,1,1,NOT_ANON
st_estimatedextent,1,1,1,0,0,0,C_RO_UNGATED
st_estimatedextent,1,1,1,0,0,0,C_RO_UNGATED
st_estimatedextent,1,1,1,0,0,0,C_RO_UNGATED
stamp_event_pricing_lock_on_first_order,1,1,1,1,1,0,TRIGGER
submit_event_rsvp,1,1,1,0,1,0,A_MUT_UNGATED
support_set_available,1,1,1,0,1,1,B_MUT_GATED
sync_session_member_to_conversation,1,1,1,1,1,0,TRIGGER
tg_brands_derive_pricing_from_default,1,1,1,1,0,0,TRIGGER
tg_enforce_event_ticket_currency,1,1,1,1,0,0,TRIGGER
tg_intake_schemas_re_answer_dispatch,1,1,1,1,1,0,TRIGGER
tg_kick_pending_thumb_backfill,1,1,1,0,0,0,C_RO_UNGATED
tg_kick_pending_trial_runs,1,1,1,0,1,0,A_MUT_UNGATED
tg_meta_orch_1009_sub_d_drift_queue_reeval,1,1,1,1,1,0,TRIGGER
tg_meta_orch_1009_sub_d_kick_rescores,1,1,1,0,0,0,C_RO_UNGATED
tg_meta_orch_1009_sub_d_quarterly_sweep,1,1,1,0,0,0,C_RO_UNGATED
tg_require_event_brand_currency,1,1,1,1,0,0,TRIGGER
tg_sync_brand_stripe_cache,1,1,1,1,1,0,TRIGGER
touch_collab_session_on_participants_change,1,1,1,1,1,0,TRIGGER
truncate_seed_map_presence,1,0,1,0,0,0,C_RO_UNGATED
try_advisory_lock_rules_run,1,1,1,0,0,0,C_RO_UNGATED
unpair_atomic,1,1,1,0,1,1,B_MUT_GATED
update_session_last_activity,1,1,1,1,1,0,TRIGGER
upsert_participant_prefs,1,1,1,0,1,0,A_MUT_UNGATED
venue_intelligence_overview,0,1,1,0,0,1,NOT_ANON
